{
  "slug": "work-deep-focus-scorecard",
  "title": "ADHD Work Deep Focus Scorecard Printable PDF",
  "description": "Stay organized with the Work Deep Focus Scorecard printable designed for ADHD routines. Includes structured pages, clear trackers, and space to reflect so you can plan consistently. Print at home in A4 or US Letter and reuse as needed.",
  "tags": [
    "adhd",
    "adhd-planner",
    "printable",
    "pdf",
    "planner",
    "tracker",
    "worksheet",
    "a4",
    "us-letter",
    "instant-download",
    "digital",
    "minimalist",
    "productivity"
  ],
  "price": 4.99,
  "niche": "ADHD"
}