{
  "slug": "expense-category-envelope-tracker",
  "title": "BUDGET Expense Category Envelope Tracker Printable PDF",
  "description": "Stay organized with the Expense Category Envelope Tracker printable designed for BUDGET routines. Includes structured pages, clear trackers, and space to reflect so you can plan consistently. Print at home in A4 or US Letter and reuse as needed.",
  "tags": [
    "budget",
    "budget-planner",
    "printable",
    "pdf",
    "planner",
    "tracker",
    "worksheet",
    "a4",
    "us-letter",
    "instant-download",
    "digital",
    "minimalist",
    "productivity"
  ],
  "price": 4.99,
  "niche": "BUDGET"
}