{
  "slug": "monthly-budget-dashboard-sheet",
  "title": "BUDGET Monthly Budget Dashboard Sheet Printable PDF",
  "description": "Stay organized with the Monthly Budget Dashboard Sheet printable designed for BUDGET routines. Includes structured pages, clear trackers, and space to reflect so you can plan consistently. Print at home in A4 or US Letter and reuse as needed.",
  "tags": [
    "budget",
    "budget-planner",
    "printable",
    "pdf",
    "planner",
    "tracker",
    "worksheet",
    "a4",
    "us-letter",
    "instant-download",
    "digital",
    "minimalist",
    "productivity"
  ],
  "price": 4.99,
  "niche": "BUDGET"
}