{
  "slug": "meeting-notes-follow-up-grid",
  "title": "ADHD Meeting Notes Follow Up Grid Printable PDF",
  "description": "Stay organized with the Meeting Notes Follow Up Grid printable designed for ADHD routines. Includes structured pages, clear trackers, and space to reflect so you can plan consistently. Print at home in A4 or US Letter and reuse as needed.",
  "tags": [
    "adhd",
    "adhd-planner",
    "printable",
    "pdf",
    "planner",
    "tracker",
    "worksheet",
    "a4",
    "us-letter",
    "instant-download",
    "digital",
    "minimalist",
    "productivity"
  ],
  "price": 4.99,
  "niche": "ADHD"
}