{
  "slug": "morning-launch-routine-card",
  "title": "ADHD Morning Launch Routine Card Printable PDF",
  "description": "Stay organized with the Morning Launch Routine Card printable designed for ADHD routines. Includes structured pages, clear trackers, and space to reflect so you can plan consistently. Print at home in A4 or US Letter and reuse as needed.",
  "tags": [
    "adhd",
    "adhd-planner",
    "printable",
    "pdf",
    "planner",
    "tracker",
    "worksheet",
    "a4",
    "us-letter",
    "instant-download",
    "digital",
    "minimalist",
    "productivity"
  ],
  "price": 4.99,
  "niche": "ADHD"
}